"code_type","english_short_name","french_short_name","alpha_2_code","alpha_3_code","numeric_code","start_date","end_date","alpha_4_code","english_remark","french_remark"
"Officially assigned","Afghanistan","Afghanistan (l')","AF","AFG","004",NULL,NULL,NULL,NULL,NULL
"Officially assigned","Albania","Albanie (l')","AL","ALB","008",NULL,NULL,NULL,NULL,NULL
"Officially assigned","Algeria","Algérie (l')","DZ","DZA","012",NULL,NULL,NULL,NULL,NULL
"Officially assigned","American Samoa","Samoa américaines (les)","AS","ASM","016",NULL,NULL,NULL,NULL,NULL
"Officially assigned","Andorra","Andorre (l')","AD","AND","020",NULL,NULL,NULL,NULL,NULL
"Officially assigned","Angola","Angola (l')","AO","AGO","024",NULL,NULL,NULL,NULL,NULL
"Officially assigned","Anguilla","Anguilla","AI","AIA","660",NULL,NULL,NULL,NULL,NULL
"Officially assigned","Antarctica","Antarctique (l')","AQ","ATA","010",NULL,NULL,NULL,NULL,NULL
"Officially assigned","Antigua and Barbuda","Antigua-et-Barbuda","AG","ATG","028",NULL,NULL,NULL,NULL,NULL
"Officially assigned","Argentina","Argentine (l')","AR","ARG","032",NULL,NULL,NULL,NULL,NULL
"Officially assigned","Armenia","Arménie (l')","AM","ARM","051",NULL,NULL,NULL,NULL,NULL
"Officially assigned","Aruba","Aruba","AW","ABW","533",NULL,NULL,NULL,NULL,NULL
"Officially assigned","Australia","Australie (l')","AU","AUS","036",NULL,NULL,NULL,NULL,NULL
"Officially assigned","Austria","Autriche (l')","AT","AUT","040",NULL,NULL,NULL,NULL,NULL
"Officially assigned","Azerbaijan","Azerbaïdjan (l')","AZ","AZE","031",NULL,NULL,NULL,NULL,NULL
"Officially assigned","Bahamas (The)","Bahamas (Les)","BS","BHS","044",NULL,NULL,NULL,NULL,NULL
"Officially assigned","Bahrain","Bahreïn","BH","BHR","048",NULL,NULL,NULL,NULL,NULL
"Officially assigned","Bangladesh","Bangladesh (le)","BD","BGD","050",NULL,NULL,NULL,NULL,NULL
"Officially assigned","Barbados","Barbade (la)","BB","BRB","052",NULL,NULL,NULL,NULL,NULL
"Officially assigned","Belarus","Bélarus (le)","BY","BLR","112",NULL,NULL,NULL,NULL,NULL
"Officially assigned","Belgium","Belgique (la)","BE","BEL","056",NULL,NULL,NULL,NULL,NULL
"Officially assigned","Belize","Belize (le)","BZ","BLZ","084",NULL,NULL,NULL,NULL,NULL
"Officially assigned","Benin","Bénin (le)","BJ","BEN","204",NULL,NULL,NULL,NULL,NULL
"Officially assigned","Bermuda","Bermudes (les)","BM","BMU","060",NULL,NULL,NULL,NULL,NULL
"Officially assigned","Bhutan","Bhoutan (le)","BT","BTN","064",NULL,NULL,NULL,NULL,NULL
"Officially assigned","Bolivia (Plurinational State of)","Bolivie (État plurinational de)","BO","BOL","068",NULL,NULL,NULL,NULL,NULL
"Officially assigned","Bonaire, Sint Eustatius and Saba","Bonaire, Saint-Eustache et Saba","BQ","BES","535",NULL,NULL,NULL,NULL,NULL
"Officially assigned","Bosnia and Herzegovina","Bosnie-Herzégovine (la)","BA","BIH","070",NULL,NULL,NULL,NULL,NULL
"Officially assigned","Botswana","Botswana (le)","BW","BWA","072",NULL,NULL,NULL,NULL,NULL
"Officially assigned","Bouvet Island","Bouvet (l'Île)","BV","BVT","074",NULL,NULL,NULL,NULL,NULL
"Officially assigned","Brazil","Brésil (le)","BR","BRA","076",NULL,NULL,NULL,NULL,NULL
"Officially assigned","British Indian Ocean Territory (the)","Indien (le Territoire britannique de l'océan)","IO","IOT","086",NULL,NULL,NULL,NULL,NULL
"Officially assigned","Brunei Darussalam","Brunéi Darussalam (le)","BN","BRN","096",NULL,NULL,NULL,NULL,NULL
"Officially assigned","Bulgaria","Bulgarie (la)","BG","BGR","100",NULL,NULL,NULL,NULL,NULL
"Officially assigned","Burkina Faso","Burkina Faso (le)","BF","BFA","854",NULL,NULL,NULL,NULL,NULL
"Officially assigned","Burundi","Burundi (le)","BI","BDI","108",NULL,NULL,NULL,NULL,NULL
"Officially assigned","Cabo Verde","Cabo Verde","CV","CPV","132",NULL,NULL,NULL,NULL,NULL
"Officially assigned","Cambodia","Cambodge (le)","KH","KHM","116",NULL,NULL,NULL,NULL,NULL
"Officially assigned","Cameroon","Cameroun (le)","CM","CMR","120",NULL,NULL,NULL,NULL,NULL
"Officially assigned","Canada","Canada (le)","CA","CAN","124",NULL,NULL,NULL,NULL,NULL
"Officially assigned","Cayman Islands (the)","Caïmans (les Îles)","KY","CYM","136",NULL,NULL,NULL,NULL,NULL
"Officially assigned","Central African Republic (the)","République centrafricaine (la)","CF","CAF","140",NULL,NULL,NULL,NULL,NULL
"Officially assigned","Chad","Tchad (le)","TD","TCD","148",NULL,NULL,NULL,NULL,NULL
"Officially assigned","Chile","Chili (le)","CL","CHL","152",NULL,NULL,NULL,NULL,NULL
"Officially assigned","China","Chine (la)","CN","CHN","156",NULL,NULL,NULL,NULL,NULL
"Officially assigned","Christmas Island","Christmas (l'Île)","CX","CXR","162",NULL,NULL,NULL,NULL,NULL
"Officially assigned","Cocos (Keeling) Islands (the)","Cocos (les Îles)/ Keeling (les Îles)","CC","CCK","166",NULL,NULL,NULL,NULL,NULL
"Officially assigned","Colombia","Colombie (la)","CO","COL","170",NULL,NULL,NULL,NULL,NULL
"Officially assigned","Comoros (the)","Comores (les)","KM","COM","174",NULL,NULL,NULL,NULL,NULL
"Officially assigned","Congo (the Democratic Republic of the)","Congo (la République démocratique du)","CD","COD","180",NULL,NULL,NULL,NULL,NULL
"Officially assigned","Congo (the)","Congo (le)","CG","COG","178",NULL,NULL,NULL,NULL,NULL
"Officially assigned","Cook Islands (the)","Cook (les Îles)","CK","COK","184",NULL,NULL,NULL,NULL,NULL
"Officially assigned","Costa Rica","Costa Rica (le)","CR","CRI","188",NULL,NULL,NULL,NULL,NULL
"Officially assigned","Croatia","Croatie (la)","HR","HRV","191",NULL,NULL,NULL,NULL,NULL
"Officially assigned","Cuba","Cuba","CU","CUB","192",NULL,NULL,NULL,NULL,NULL
"Officially assigned","Curaçao","Curaçao","CW","CUW","531",NULL,NULL,NULL,NULL,NULL
"Officially assigned","Cyprus","Chypre","CY","CYP","196",NULL,NULL,NULL,NULL,NULL
"Officially assigned","Czechia","Tchéquie (la)","CZ","CZE","203",NULL,NULL,NULL,NULL,NULL
"Officially assigned","Côte d'Ivoire","Côte d'Ivoire (la)","CI","CIV","384",NULL,NULL,NULL,NULL,NULL
"Officially assigned","Denmark","Danemark (le)","DK","DNK","208",NULL,NULL,NULL,NULL,NULL
"Officially assigned","Djibouti","Djibouti","DJ","DJI","262",NULL,NULL,NULL,NULL,NULL
"Officially assigned","Dominica","Dominique (la)","DM","DMA","212",NULL,NULL,NULL,NULL,NULL
"Officially assigned","Dominican Republic (the)","dominicaine (la République)","DO","DOM","214",NULL,NULL,NULL,NULL,NULL
"Officially assigned","Ecuador","Équateur (l')","EC","ECU","218",NULL,NULL,NULL,NULL,NULL
"Officially assigned","Egypt","Égypte (l')","EG","EGY","818",NULL,NULL,NULL,NULL,NULL
"Officially assigned","El Salvador","El Salvador","SV","SLV","222",NULL,NULL,NULL,NULL,NULL
"Officially assigned","Equatorial Guinea","Guinée équatoriale (la)","GQ","GNQ","226",NULL,NULL,NULL,NULL,NULL
"Officially assigned","Eritrea","Érythrée (l')","ER","ERI","232",NULL,NULL,NULL,NULL,NULL
"Officially assigned","Estonia","Estonie (l')","EE","EST","233",NULL,NULL,NULL,NULL,NULL
"Officially assigned","Eswatini","Eswatini (l')","SZ","SWZ","748",NULL,NULL,NULL,NULL,NULL
"Officially assigned","Ethiopia","Éthiopie (l')","ET","ETH","231",NULL,NULL,NULL,NULL,NULL
"Officially assigned","Falkland Islands (the) [Malvinas]","Falkland (les Îles)/Malouines (les Îles)","FK","FLK","238",NULL,NULL,NULL,NULL,NULL
"Officially assigned","Faroe Islands (the)","Féroé (les Îles)","FO","FRO","234",NULL,NULL,NULL,NULL,NULL
"Officially assigned","Fiji","Fidji (les)","FJ","FJI","242",NULL,NULL,NULL,NULL,NULL
"Officially assigned","Finland","Finlande (la)","FI","FIN","246",NULL,NULL,NULL,NULL,NULL
"Officially assigned","France","France (la)","FR","FRA","250",NULL,NULL,NULL,NULL,NULL
"Officially assigned","French Guiana","Guyane française (la )","GF","GUF","254",NULL,NULL,NULL,NULL,NULL
"Officially assigned","French Polynesia","Polynésie française (la)","PF","PYF","258",NULL,NULL,NULL,NULL,NULL
"Officially assigned","French Southern Territories (the)","Terres australes françaises (les)","TF","ATF","260",NULL,NULL,NULL,NULL,NULL
"Officially assigned","Gabon","Gabon (le)","GA","GAB","266",NULL,NULL,NULL,NULL,NULL
"Officially assigned","Gambia (the)","Gambie (la)","GM","GMB","270",NULL,NULL,NULL,NULL,NULL
"Officially assigned","Georgia","Géorgie (la)","GE","GEO","268",NULL,NULL,NULL,NULL,NULL
"Officially assigned","Germany","Allemagne (l')","DE","DEU","276",NULL,NULL,NULL,NULL,NULL
"Officially assigned","Ghana","Ghana (le)","GH","GHA","288",NULL,NULL,NULL,NULL,NULL
"Officially assigned","Gibraltar","Gibraltar","GI","GIB","292",NULL,NULL,NULL,NULL,NULL
"Officially assigned","Greece","Grèce (la)","GR","GRC","300",NULL,NULL,NULL,NULL,NULL
"Officially assigned","Greenland","Groenland (le)","GL","GRL","304",NULL,NULL,NULL,NULL,NULL
"Officially assigned","Grenada","Grenade (la)","GD","GRD","308",NULL,NULL,NULL,NULL,NULL
"Officially assigned","Guadeloupe","Guadeloupe (la)","GP","GLP","312",NULL,NULL,NULL,NULL,NULL
"Officially assigned","Guam","Guam","GU","GUM","316",NULL,NULL,NULL,NULL,NULL
"Officially assigned","Guatemala","Guatemala (le)","GT","GTM","320",NULL,NULL,NULL,NULL,NULL
"Officially assigned","Guernsey","Guernesey","GG","GGY","831",NULL,NULL,NULL,NULL,NULL
"Officially assigned","Guinea","Guinée (la)","GN","GIN","324",NULL,NULL,NULL,NULL,NULL
"Officially assigned","Guinea-Bissau","Guinée-Bissau (la)","GW","GNB","624",NULL,NULL,NULL,NULL,NULL
"Officially assigned","Guyana","Guyana (le)","GY","GUY","328",NULL,NULL,NULL,NULL,NULL
"Officially assigned","Haiti","Haïti","HT","HTI","332",NULL,NULL,NULL,NULL,NULL
"Officially assigned","Heard Island and McDonald Islands","Heard-et-Îles MacDonald (l'Île)","HM","HMD","334",NULL,NULL,NULL,NULL,NULL
"Officially assigned","Holy See (the)","Saint-Siège (le)","VA","VAT","336",NULL,NULL,NULL,NULL,NULL
"Officially assigned","Honduras","Honduras (le)","HN","HND","340",NULL,NULL,NULL,NULL,NULL
"Officially assigned","Hong Kong","Hong Kong","HK","HKG","344",NULL,NULL,NULL,NULL,NULL
"Officially assigned","Hungary","Hongrie (la)","HU","HUN","348",NULL,NULL,NULL,NULL,NULL
"Officially assigned","Iceland","Islande (l')","IS","ISL","352",NULL,NULL,NULL,NULL,NULL
"Officially assigned","India","Inde (l')","IN","IND","356",NULL,NULL,NULL,NULL,NULL
"Officially assigned","Indonesia","Indonésie (l')","ID","IDN","360",NULL,NULL,NULL,NULL,NULL
"Officially assigned","Iran (Islamic Republic of)","Iran (République Islamique d')","IR","IRN","364",NULL,NULL,NULL,NULL,NULL
"Officially assigned","Iraq","Iraq (l')","IQ","IRQ","368",NULL,NULL,NULL,NULL,NULL
"Officially assigned","Ireland","Irlande (l')","IE","IRL","372",NULL,NULL,NULL,NULL,NULL
"Officially assigned","Isle of Man","Île de Man","IM","IMN","833",NULL,NULL,NULL,NULL,NULL
"Officially assigned","Israel","Israël","IL","ISR","376",NULL,NULL,NULL,NULL,NULL
"Officially assigned","Italy","Italie (l')","IT","ITA","380",NULL,NULL,NULL,NULL,NULL
"Officially assigned","Jamaica","Jamaïque (la)","JM","JAM","388",NULL,NULL,NULL,NULL,NULL
"Officially assigned","Japan","Japon (le)","JP","JPN","392",NULL,NULL,NULL,NULL,NULL
"Officially assigned","Jersey","Jersey","JE","JEY","832",NULL,NULL,NULL,NULL,NULL
"Officially assigned","Jordan","Jordanie (la)","JO","JOR","400",NULL,NULL,NULL,NULL,NULL
"Officially assigned","Kazakhstan","Kazakhstan (le)","KZ","KAZ","398",NULL,NULL,NULL,NULL,NULL
"Officially assigned","Kenya","Kenya (le)","KE","KEN","404",NULL,NULL,NULL,NULL,NULL
"Officially assigned","Kiribati","Kiribati","KI","KIR","296",NULL,NULL,NULL,NULL,NULL
"Officially assigned","Korea (the Democratic People's Republic of)","Corée (la République populaire démocratique de)","KP","PRK","408",NULL,NULL,NULL,NULL,NULL
"Officially assigned","Korea (the Republic of)","Corée (la République de)","KR","KOR","410",NULL,NULL,NULL,NULL,NULL
"Officially assigned","Kuwait","Koweït (le)","KW","KWT","414",NULL,NULL,NULL,NULL,NULL
"Officially assigned","Kyrgyzstan","Kirghizistan (le)","KG","KGZ","417",NULL,NULL,NULL,NULL,NULL
"Officially assigned","Lao People's Democratic Republic (the)","Lao (la République démocratique populaire)","LA","LAO","418",NULL,NULL,NULL,NULL,NULL
"Officially assigned","Latvia","Lettonie (la)","LV","LVA","428",NULL,NULL,NULL,NULL,NULL
"Officially assigned","Lebanon","Liban (le)","LB","LBN","422",NULL,NULL,NULL,NULL,NULL
"Officially assigned","Lesotho","Lesotho (le)","LS","LSO","426",NULL,NULL,NULL,NULL,NULL
"Officially assigned","Liberia","Libéria (le)","LR","LBR","430",NULL,NULL,NULL,NULL,NULL
"Officially assigned","Libya","Libye (la)","LY","LBY","434",NULL,NULL,NULL,NULL,NULL
"Officially assigned","Liechtenstein","Liechtenstein (le)","LI","LIE","438",NULL,NULL,NULL,NULL,NULL
"Officially assigned","Lithuania","Lituanie (la)","LT","LTU","440",NULL,NULL,NULL,NULL,NULL
"Officially assigned","Luxembourg","Luxembourg (le)","LU","LUX","442",NULL,NULL,NULL,NULL,NULL
"Officially assigned","Macao","Macao","MO","MAC","446",NULL,NULL,NULL,NULL,NULL
"Officially assigned","Madagascar","Madagascar","MG","MDG","450",NULL,NULL,NULL,NULL,NULL
"Officially assigned","Malawi","Malawi (le)","MW","MWI","454",NULL,NULL,NULL,NULL,NULL
"Officially assigned","Malaysia","Malaisie (la)","MY","MYS","458",NULL,NULL,NULL,NULL,NULL
"Officially assigned","Maldives","Maldives (les)","MV","MDV","462",NULL,NULL,NULL,NULL,NULL
"Officially assigned","Mali","Mali (le)","ML","MLI","466",NULL,NULL,NULL,NULL,NULL
"Officially assigned","Malta","Malte","MT","MLT","470",NULL,NULL,NULL,NULL,NULL
"Officially assigned","Marshall Islands (the)","Marshall (les Îles)","MH","MHL","584",NULL,NULL,NULL,NULL,NULL
"Officially assigned","Martinique","Martinique (la)","MQ","MTQ","474",NULL,NULL,NULL,NULL,NULL
"Officially assigned","Mauritania","Mauritanie (la)","MR","MRT","478",NULL,NULL,NULL,NULL,NULL
"Officially assigned","Mauritius","Maurice","MU","MUS","480",NULL,NULL,NULL,NULL,NULL
"Officially assigned","Mayotte","Mayotte","YT","MYT","175",NULL,NULL,NULL,NULL,NULL
"Officially assigned","Mexico","Mexique (le)","MX","MEX","484",NULL,NULL,NULL,NULL,NULL
"Officially assigned","Micronesia (Federated States of)","Micronésie (États fédérés de)","FM","FSM","583",NULL,NULL,NULL,NULL,NULL
"Officially assigned","Moldova (the Republic of)","Moldova (la République de)","MD","MDA","498",NULL,NULL,NULL,NULL,NULL
"Officially assigned","Monaco","Monaco","MC","MCO","492",NULL,NULL,NULL,NULL,NULL
"Officially assigned","Mongolia","Mongolie (la)","MN","MNG","496",NULL,NULL,NULL,NULL,NULL
"Officially assigned","Montenegro","Monténégro (le)","ME","MNE","499",NULL,NULL,NULL,NULL,NULL
"Officially assigned","Montserrat","Montserrat","MS","MSR","500",NULL,NULL,NULL,NULL,NULL
"Officially assigned","Morocco","Maroc (le)","MA","MAR","504",NULL,NULL,NULL,NULL,NULL
"Officially assigned","Mozambique","Mozambique (le)","MZ","MOZ","508",NULL,NULL,NULL,NULL,NULL
"Officially assigned","Myanmar","Myanmar (le)","MM","MMR","104",NULL,NULL,NULL,NULL,NULL
"Officially assigned","Namibia","Namibie (la)","NA","NAM","516",NULL,NULL,NULL,NULL,NULL
"Officially assigned","Nauru","Nauru","NR","NRU","520",NULL,NULL,NULL,NULL,NULL
"Officially assigned","Nepal","Népal (le)","NP","NPL","524",NULL,NULL,NULL,NULL,NULL
"Officially assigned","Netherlands (Kingdom of the)","Pays-Bas (Royaume des)","NL","NLD","528",NULL,NULL,NULL,NULL,NULL
"Officially assigned","New Caledonia","Nouvelle-Calédonie (la)","NC","NCL","540",NULL,NULL,NULL,NULL,NULL
"Officially assigned","New Zealand","Nouvelle-Zélande (la)","NZ","NZL","554",NULL,NULL,NULL,NULL,NULL
"Officially assigned","Nicaragua","Nicaragua (le)","NI","NIC","558",NULL,NULL,NULL,NULL,NULL
"Officially assigned","Niger (the)","Niger (le)","NE","NER","562",NULL,NULL,NULL,NULL,NULL
"Officially assigned","Nigeria","Nigéria (le)","NG","NGA","566",NULL,NULL,NULL,NULL,NULL
"Officially assigned","Niue","Niue","NU","NIU","570",NULL,NULL,NULL,NULL,NULL
"Officially assigned","Norfolk Island","Norfolk (l'Île)","NF","NFK","574",NULL,NULL,NULL,NULL,NULL
"Officially assigned","North Macedonia","Macédoine du Nord (la)","MK","MKD","807",NULL,NULL,NULL,NULL,NULL
"Officially assigned","Northern Mariana Islands (the)","Mariannes du Nord (les Îles)","MP","MNP","580",NULL,NULL,NULL,NULL,NULL
"Officially assigned","Norway","Norvège (la)","NO","NOR","578",NULL,NULL,NULL,NULL,NULL
"Officially assigned","Oman","Oman","OM","OMN","512",NULL,NULL,NULL,NULL,NULL
"Officially assigned","Pakistan","Pakistan (le)","PK","PAK","586",NULL,NULL,NULL,NULL,NULL
"Officially assigned","Palau","Palaos (les)","PW","PLW","585",NULL,NULL,NULL,NULL,NULL
"Officially assigned","Palestine, State of","Palestine, État de","PS","PSE","275",NULL,NULL,NULL,NULL,NULL
"Officially assigned","Panama","Panama (le)","PA","PAN","591",NULL,NULL,NULL,NULL,NULL
"Officially assigned","Papua New Guinea"," Papouasie-Nouvelle-Guinée (la)","PG","PNG","598",NULL,NULL,NULL,NULL,NULL
"Officially assigned","Paraguay","Paraguay (le)","PY","PRY","600",NULL,NULL,NULL,NULL,NULL
"Officially assigned","Peru","Pérou (le)","PE","PER","604",NULL,NULL,NULL,NULL,NULL
"Officially assigned","Philippines (the)","Philippines (les)","PH","PHL","608",NULL,NULL,NULL,NULL,NULL
"Officially assigned","Pitcairn","Pitcairn","PN","PCN","612",NULL,NULL,NULL,NULL,NULL
"Officially assigned","Poland","Pologne (la)","PL","POL","616",NULL,NULL,NULL,NULL,NULL
"Officially assigned","Portugal","Portugal (le)","PT","PRT","620",NULL,NULL,NULL,NULL,NULL
"Officially assigned","Puerto Rico","Porto Rico","PR","PRI","630",NULL,NULL,NULL,NULL,NULL
"Officially assigned","Qatar","Qatar (le)","QA","QAT","634",NULL,NULL,NULL,NULL,NULL
"Officially assigned","Romania","Roumanie (la)","RO","ROU","642",NULL,NULL,NULL,NULL,NULL
"Officially assigned","Russian Federation (the)","Russie (la Fédération de)","RU","RUS","643",NULL,NULL,NULL,NULL,NULL
"Officially assigned","Rwanda","Rwanda (le)","RW","RWA","646",NULL,NULL,NULL,NULL,NULL
"Officially assigned","Réunion","Réunion (La)","RE","REU","638",NULL,NULL,NULL,NULL,NULL
"Officially assigned","Saint Barthélemy","Saint-Barthélemy","BL","BLM","652",NULL,NULL,NULL,NULL,NULL
"Officially assigned","Saint Helena, Ascension and Tristan da Cunha","Sainte-Hélène, Ascension et Tristan da Cunha","SH","SHN","654",NULL,NULL,NULL,NULL,NULL
"Officially assigned","Saint Kitts and Nevis","Saint-Kitts-et-Nevis","KN","KNA","659",NULL,NULL,NULL,NULL,NULL
"Officially assigned","Saint Lucia","Sainte-Lucie","LC","LCA","662",NULL,NULL,NULL,NULL,NULL
"Officially assigned","Saint Martin (French part)","Saint-Martin (partie française)","MF","MAF","663",NULL,NULL,NULL,NULL,NULL
"Officially assigned","Saint Pierre and Miquelon"," Saint-Pierre-et-Miquelon","PM","SPM","666",NULL,NULL,NULL,NULL,NULL
"Officially assigned","Saint Vincent and the Grenadines","Saint-Vincent-et-les Grenadines","VC","VCT","670",NULL,NULL,NULL,NULL,NULL
"Officially assigned","Samoa","Samoa (le)","WS","WSM","882",NULL,NULL,NULL,NULL,NULL
"Officially assigned","San Marino","Saint-Marin","SM","SMR","674",NULL,NULL,NULL,NULL,NULL
"Officially assigned","Sao Tome and Principe","Sao Tomé-et-Principe","ST","STP","678",NULL,NULL,NULL,NULL,NULL
"Officially assigned","Saudi Arabia","Arabie saoudite (l')","SA","SAU","682",NULL,NULL,NULL,NULL,NULL
"Officially assigned","Senegal","Sénégal (le)","SN","SEN","686",NULL,NULL,NULL,NULL,NULL
"Officially assigned","Serbia","Serbie (la)","RS","SRB","688",NULL,NULL,NULL,NULL,NULL
"Officially assigned","Seychelles","Seychelles (les)","SC","SYC","690",NULL,NULL,NULL,NULL,NULL
"Officially assigned","Sierra Leone","Sierra Leone (la)","SL","SLE","694",NULL,NULL,NULL,NULL,NULL
"Officially assigned","Singapore","Singapour","SG","SGP","702",NULL,NULL,NULL,NULL,NULL
"Officially assigned","Sint Maarten (Dutch part)","Saint-Martin (partie néerlandaise)","SX","SXM","534",NULL,NULL,NULL,NULL,NULL
"Officially assigned","Slovakia","Slovaquie (la)","SK","SVK","703",NULL,NULL,NULL,NULL,NULL
"Officially assigned","Slovenia","Slovénie (la)","SI","SVN","705",NULL,NULL,NULL,NULL,NULL
"Officially assigned","Solomon Islands","Salomon (les Îles)","SB","SLB","090",NULL,NULL,NULL,NULL,NULL
"Officially assigned","Somalia","Somalie (la)","SO","SOM","706",NULL,NULL,NULL,NULL,NULL
"Officially assigned","South Africa","Afrique du Sud (l')","ZA","ZAF","710",NULL,NULL,NULL,NULL,NULL
"Officially assigned","South Georgia and the South Sandwich Islands","Géorgie du Sud-et-les Îles Sandwich du Sud (la)","GS","SGS","239",NULL,NULL,NULL,NULL,NULL
"Officially assigned","South Sudan","Soudan du Sud (le)","SS","SSD","728",NULL,NULL,NULL,NULL,NULL
"Officially assigned","Spain","Espagne (l')","ES","ESP","724",NULL,NULL,NULL,NULL,NULL
"Officially assigned","Sri Lanka","Sri Lanka","LK","LKA","144",NULL,NULL,NULL,NULL,NULL
"Officially assigned","Sudan (the)","Soudan (le)","SD","SDN","729",NULL,NULL,NULL,NULL,NULL
"Officially assigned","Suriname","Suriname (le)","SR","SUR","740",NULL,NULL,NULL,NULL,NULL
"Officially assigned","Svalbard and Jan Mayen","Svalbard et l'Île Jan Mayen (le)","SJ","SJM","744",NULL,NULL,NULL,NULL,NULL
"Officially assigned","Sweden","Suède (la)","SE","SWE","752",NULL,NULL,NULL,NULL,NULL
"Officially assigned","Switzerland","Suisse (la)","CH","CHE","756",NULL,NULL,NULL,NULL,NULL
"Officially assigned","Syrian Arab Republic (the)","République arabe syrienne (la)","SY","SYR","760",NULL,NULL,NULL,NULL,NULL
"Officially assigned","Taiwan (Province of China)","Taïwan (Province de Chine)","TW","TWN","158",NULL,NULL,NULL,NULL,NULL
"Officially assigned","Tajikistan","Tadjikistan (le)","TJ","TJK","762",NULL,NULL,NULL,NULL,NULL
"Officially assigned","Tanzania, the United Republic of","Tanzanie (la République-Unie de)","TZ","TZA","834",NULL,NULL,NULL,NULL,NULL
"Officially assigned","Thailand","Thaïlande (la)","TH","THA","764",NULL,NULL,NULL,NULL,NULL
"Officially assigned","Timor-Leste","Timor-Leste (le)","TL","TLS","626",NULL,NULL,NULL,NULL,NULL
"Officially assigned","Togo","Togo (le)","TG","TGO","768",NULL,NULL,NULL,NULL,NULL
"Officially assigned","Tokelau","Tokelau (les)","TK","TKL","772",NULL,NULL,NULL,NULL,NULL
"Officially assigned","Tonga","Tonga (les)","TO","TON","776",NULL,NULL,NULL,NULL,NULL
"Officially assigned","Trinidad and Tobago","Trinité-et-Tobago (la)","TT","TTO","780",NULL,NULL,NULL,NULL,NULL
"Officially assigned","Tunisia","Tunisie (la)","TN","TUN","788",NULL,NULL,NULL,NULL,NULL
"Officially assigned","Turkmenistan","Turkménistan (le)","TM","TKM","795",NULL,NULL,NULL,NULL,NULL
"Officially assigned","Turks and Caicos Islands (the)","Turks-et-Caïcos (les Îles)","TC","TCA","796",NULL,NULL,NULL,NULL,NULL
"Officially assigned","Tuvalu","Tuvalu (les)","TV","TUV","798",NULL,NULL,NULL,NULL,NULL
"Officially assigned","Türkiye","Türkiye (la)","TR","TUR","792",NULL,NULL,NULL,NULL,NULL
"Officially assigned","Uganda","Ouganda (l')","UG","UGA","800",NULL,NULL,NULL,NULL,NULL
"Officially assigned","Ukraine","Ukraine (l')","UA","UKR","804",NULL,NULL,NULL,NULL,NULL
"Officially assigned","United Arab Emirates (the)","Émirats arabes unis (les)","AE","ARE","784",NULL,NULL,NULL,NULL,NULL
"Officially assigned","United Kingdom of Great Britain and Northern Ireland (the)","Royaume-Uni de Grande-Bretagne et d'Irlande du Nord (le)","GB","GBR","826",NULL,NULL,NULL,NULL,NULL
"Officially assigned","United States Minor Outlying Islands (the)","Îles mineures éloignées des États-Unis (les)","UM","UMI","581",NULL,NULL,NULL,NULL,NULL
"Officially assigned","United States of America (the)","États-Unis d'Amérique (les)","US","USA","840",NULL,NULL,NULL,NULL,NULL
"Officially assigned","Uruguay","Uruguay (l')","UY","URY","858",NULL,NULL,NULL,NULL,NULL
"Officially assigned","Uzbekistan","Ouzbékistan (l')","UZ","UZB","860",NULL,NULL,NULL,NULL,NULL
"Officially assigned","Vanuatu","Vanuatu (le)","VU","VUT","548",NULL,NULL,NULL,NULL,NULL
"Officially assigned","Venezuela (Bolivarian Republic of)","Venezuela (République bolivarienne du)","VE","VEN","862",NULL,NULL,NULL,NULL,NULL
"Officially assigned","Viet Nam","Viet Nam (le)","VN","VNM","704",NULL,NULL,NULL,NULL,NULL
"Officially assigned","Virgin Islands (British)","Vierges britanniques (les Îles)","VG","VGB","092",NULL,NULL,NULL,NULL,NULL
"Officially assigned","Virgin Islands (U.S.)","Vierges des États-Unis (les Îles)","VI","VIR","850",NULL,NULL,NULL,NULL,NULL
"Officially assigned","Wallis and Futuna","Wallis-et-Futuna","WF","WLF","876",NULL,NULL,NULL,NULL,NULL
"Officially assigned","Western Sahara*","Sahara occidental (le)*","EH","ESH","732",NULL,NULL,NULL,NULL,NULL
"Officially assigned","Yemen","Yémen (le)","YE","YEM","887",NULL,NULL,NULL,NULL,NULL
"Officially assigned","Zambia","Zambie (la)","ZM","ZMB","894",NULL,NULL,NULL,NULL,NULL
"Officially assigned","Zimbabwe","Zimbabwe (le)","ZW","ZWE","716",NULL,NULL,NULL,NULL,NULL
"Officially assigned","Åland Islands","Åland(les Îles)","AX","ALA","248",NULL,NULL,NULL,NULL,NULL
"Other","Other",NULL,"XX","XXX","000",NULL,NULL,NULL,NULL,NULL
"Extension","Guernsey",NULL,"GG","GGY","831",NULL,NULL,NULL,NULL,NULL
"Extension","Jersey",NULL,"JE","JEY","832",NULL,NULL,NULL,NULL,NULL
"Extension","Isle of Man",NULL,"IM","IMN","833",NULL,NULL,NULL,NULL,NULL
"Extension","Channel Islands",NULL,"XL","XLC","931",NULL,NULL,NULL,NULL,NULL
"Formerly used","British Antarctic Territory","Antarctique, Territoire britannique de l'","BQ","ATB","","1974-12-15","1981-05-15","BQAQ","British Antarctic Territory is now part of the entry Antarctica (AQ, ATA, 010).","Territoire britannique de l'Antarctique fait partie maintenant de l'entrée l'Antarctique (AQ, ATA, 010)."
"Formerly used","Byelorussian SSR","Biélorussie, RSS de","BY","BYS","112","1974-12-15","1992-06-15","BYAA","Name changed to Belarus (BY, BLR, 112). Code element BYS removed from ISO 3166-1.","Nom changé à Bélarus (BY, BLR, 112). Codet BYS supprimé de l'ISO 3166-1."
"Formerly used","Canton and Enderbury Islands","Canton et Enderbury, Îles","CT","CTE","128","1974-12-15","1984-01-15","CTKI","Now part of Kiribati (KI, KIR, 296).","Maintenant faisant partie du Kiribati (KI, KIR, 296)."
"Formerly used","Czechoslovakia","Tchécoslovaquie","CS","CSK","200","1974-12-15","1993-06-15","CSHH","Czechoslovakia was divided into Czechia (CZ, CZE, 203), and Slovakia (SK, SVK, 703).","La Tchécoslovaquie (CS, CSK, 200) a été divisée entre la Tchéquie (CZ, CZE, 203), et la Slovaquie (SK, SVK, 703)."
"Formerly used","Dahomey","Dahomey","DY","DHY","","1974-12-15","1977-08-01","DYBJ","Name changed to Benin (BJ, BEN, 204).","Nom changé à Bénin (BJ, BEN, 204)."
"Formerly used","Dronning Maud Land","Terre de la Reine Maud","NQ","ATN","216","1974-12-15","1983-01-15","NQAQ","Now part of Antarctica (AQ, ATA, 010).","Maintenant faisant partie de l'Antarctique (AQ, ATA, 010)."
"Formerly used","French Afars and Issas","Afars et Issas","AI","AFI","","1974-12-15","1978-07-15","AIDJ","Name changed from French Afars and Issas to Djibouti (DJ, DJI, 262).","Nom changé d'Afars et Issas à Djibouti (DJ, DJI, 262)."
"Formerly used","French Southern and Antarctic Territories","Australes et Antarctiques françaises, Terres","FQ","ATF","","1974-12-15","1981-05-15","FQHH","French Southern and Antarctic Territories are now part of Antarctica (AQ, ATA, 010) and French Southern Territories (TF, ATF, 260).","Les Terres Australes et Antarctiques françaises maintenant font partie de l'Antarctique (AQ, ATA, 010) et des Terres Australes françaises (TF, ATF, 260)."
"Formerly used","German Democratic Republic","Allemande, République démocratique","DD","DDR","278","1974-12-15","1990-12-04","DDDE","Now part of code entry for Germany (DE, DEU, 276).","Maintenant fait partie de l'entrée pour l'Allemagne (DE, DEU, 276)."
"Formerly used","Gilbert and Ellice Islands","Gilbert et Ellice, Îles","GE","GEL","","1974-12-15","1977-08-01","GEHH","The Gilbert and Ellice Islands were divided into: Gilbert Islands: Kiribati (KI, KIR, 296), and Ellice Islands: Tuvalu (TV, TUV, 798).","Les Îles Gilbert et Ellice sont divisées entre: Gilbert, Îles: Kiribati (KI, KIR, 296), et Ellice, Îles: Tuvalu (TV, TUV, 798)."
"Formerly used","Johnston Island","Johnston, Île","JT","JTN","396","1974-12-15","1986-07-14","JTUM","Johnston Island is now incorporated in the entry for US Minor Outlying Islands (UM, UMI, 581).","L'Île Johnston est maintenant incorporé dans l'entrée pour les Îles mineures éloignées des États-Unis (UM, UMI, 581)."
"Formerly used","Midway Islands","Midway, Îles","MI","MID","488","1974-12-15","1986-07-14","MIUM","Midway Islands are now incorporated in the entry for US Minor Outlying Islands (UM, UMI, 581).","Les Îles Midway sont maintenant incorporés dans l'entrée pour Îles mineures éloignées des États-Unis (UM, UMI, 581)."
"Formerly used","New Hebrides","Nouvelles-Hébrides","NH","NHB","","1974-12-15","1980-01-15","NHVU","Name changed from New Hebrides to Vanuatu (VU, VUT, 548).","Le nom a été changé de Nouvelles-Hébrides à Vanuatu (VU, VUT, 548)."
"Formerly used","Pacific Islands (Trust Territory)","Pacifique, Îles du (territoire sous tutelle)","PC","PCI","582","1974-12-15","1986-01-15","PCHH","Pacific Islands (Trust Territory) were divided into: Marshall Islands (MH, MHL, 584), Micronesia, Federated States of (FM, FSM, 583), Northern Mariana Islands (MP, MNP, 580) and Palau (PW, PLW, 585).","Les Îles du Pacifique (territoire sous tutelle) ont été divisé entre: Îles Mariannes du Nord (MP, MNP, 580), Îles Marshall (MH, MHL, 584), États fédérés de Micronésie (FM, FSM, 583) et Palaos (PW, PLW, 585)."
"Formerly used","Panama Canal Zone","Panama, Zone du Canal de","PZ","PCZ","","1974-12-15","1981-05-15","PZPA","The Zone of the Panama Canal is now part of the entry for Panama (PA, PAN, 591).","La Zone du Canal Panama maintenant fait partie de l'entrée Panama (PA, PAN, 591)."
"Formerly used","Sikkim","Sikkim","SK","SKM","","1974-12-15","1977-08-01","SKIN","Sikkim is now part of the entry for India (IN, IND, 356).","Le Sikkim fait partie de l'entrée de l'Inde (IN, IND, 356)."
"Formerly used","Southern Rhodesia","Rhodésie du Sud","RH","RHO","","1974-12-15","1980-01-15","RHZW","Name changed from Southern Rhodesia (RH, RHO, --) to Zimbabwe (ZW, ZWE, 716).","Nom changé de la Rhodésie du Sud (RH, RHO, --) à Zimbabwe (ZW, ZWE, 716)."
"Formerly used","United States Miscellaneous Pacific Islands","Pacifique, Diverses îles du (États-Unis)","PU","PUS","849","1974-12-15","1986-07-14","PUUM","United States Miscellaneous Pacific Islands are now part of the entry for US Minor Outlying Islands (UM, UMI, 581).","Diverses îles du Pacifique (États-Unis) font maintenant partie de l'entrée pour les Îles mineures éloignées des États-Unis (UM, UMI, 581)."
"Formerly used","Upper Volta","Haute-Volta","HV","HVO","854","1974-12-15","1984-11-30","HVBF","Name changed from Upper Volta to Burkina Faso (BF, BFA, 854).","Nom changé de Haute-Volta à Burkina Faso (BF, BFA, 854)."
"Formerly used","Viet-Nam, Democratic Republic of","Viet-Nam, République démocratique du","VD","VDR","","1974-12-15","1977-08-01","VDVN","The former Democratic Republic of Viet-Nam is now part of the entry for Viet Nam (VN, VNM, 704).","Maintenant faisant partie de l'entrée pour le Viet Nam (VN, VNM, 704)."
"Formerly used","Wake Island","Wake, Île de","WK","WAK","872","1974-12-15","1986-07-14","WKUM","Wake Island (WK, WAK, 872) is now part of the entry for US Minor Outlying Islands (UM, UMI, 581).","L'Île deWake (WK, WAK, 872) maintenant fait partie de l'entrée pour les Îles mineures éloignées des États-Unis (UM, UMI, 581)."
"Formerly used","Yemen, Democratic","Yémen démocratique","YD","YMD","720","1974-12-15","1990-08-14","YDYE","The Democratic Yemen is now part of the entry Yemen (YE, YEM, 887).","Le Yémen démocratique maintenant fait partie de l'entrée Yémen (YE, YEM, 887)."
"Transitionally reserved","Netherlands Antilles",NULL,"AN",NULL,NULL,NULL,NULL,NULL,"Reserved from 2010-12 to 2060-12.",NULL
"Transitionally reserved","Burma",NULL,"BU",NULL,NULL,NULL,NULL,NULL,"Reserved from 1989-12 to 2039-12.",NULL
"Transitionally reserved","Serbia and Montenegro",NULL,"CS",NULL,NULL,NULL,NULL,NULL,"Reserved from 2006-09 to 2056-09.",NULL
"Transitionally reserved","Neutral Zone",NULL,"NT",NULL,NULL,NULL,NULL,NULL,"Reserved from 1993-07 to 2043-07.",NULL
"Transitionally reserved","East Timor",NULL,"TP",NULL,NULL,NULL,NULL,NULL,"Reserved from 2002-05 to 2052-05.",NULL
"Transitionally reserved","Yugoslavia",NULL,"YU",NULL,NULL,NULL,NULL,NULL,"Reserved from 2003-07 to 2053-07.",NULL
"Transitionally reserved","Zaire",NULL,"ZR",NULL,NULL,NULL,NULL,NULL,"Reserved from 1997-07 to 2047-07.",NULL
